cod_imovel;municipio;cod_estado;num_area;mod_fiscal;ind_status;geometry
MG-3101607-25DFBC957DA64FB7A49E987E68B8CA06;Alfenas;MG;3.1328;0.1205;AT;MULTIPOLYGON (((-45.932046175003 -21.3613928061118, -45.9311234951019 -21.3616525921812, -45.9305226802826 -21.3611130359834, -45.9299433231354 -21.360693379789, -45.9297072887421 -21.3602937061053, -45.9296000003815 -21.3597141773271, -45.9299218654633 -21.3592345655701, -45.930587053299 -21.3596742097407, -45.9311234951019 -21.3600139338779, -45.931144952774 -21.3605135267663, -45.9317672252655 -21.360893216222, -45.932046175003 -21.3613928061118)))
MG-3101607-3D8CE2070A434E1ABB9DB43252FC5711;Alfenas;MG;98.3655;3.7833;AT;MULTIPOLYGON (((-45.9315633773804 -21.4128014804235, -45.9337949752808 -21.412961292661, -45.9346532821655 -21.4136404927202, -45.9350395202637 -21.4141199261551, -45.934910774231 -21.4146393106007, -45.9346961975098 -21.4152785504605, -45.9343957901001 -21.4158778352887, -45.9336233139038 -21.4169565417841, -45.9281301498413 -21.4151187407578, -45.923752784729 -21.4128014804235, -45.9229803085327 -21.4096051989656, -45.9216070175171 -21.4083266668062, -45.921950340271 -21.4056097488282, -45.9232378005981 -21.4047307351396, -45.9247827529907 -21.4043311817154, -45.9274435043335 -21.403691893965, -45.9286022186279 -21.4037718050868, -45.9289884567261 -21.40417136004, -45.9288167953491 -21.4046508245422, -45.9297609329224 -21.4101245994601, -45.9280014038086 -21.4115629296559, -45.9283876419067 -21.412361995869, -45.9305763244629 -21.4108038127058, -45.9315633773804 -21.4128014804235)))
MG-3101607-F869EFE526524B439F6B580BB6226075;Alfenas;MG;0.5417;0.0208;AT;MULTIPOLYGON (((-45.9610676765442 -21.4480558183731, -45.9609067440033 -21.4473568066163, -45.9616148471832 -21.447236975693, -45.9618186950684 -21.4473368348026, -45.961754322052 -21.4476763552637, -45.9610676765442 -21.4480558183731)))
MG-3101607-1EE87A99814F4A6E8E9FF9FFAFEBC4D2;Alfenas;MG;7.8826;0.3032;AT;MULTIPOLYGON (((-45.8695077896118 -21.4225896573881, -45.8687353134155 -21.4231289868466, -45.8681559562683 -21.4234585760907, -45.867383480072 -21.4241177523471, -45.8673191070557 -21.4238181271449, -45.8664929866791 -21.42399790234, -45.8661282062531 -21.4239679398228, -45.8660960197449 -21.4237582020307, -45.8660960197449 -21.4236783018401, -45.8660799264908 -21.4234785511725, -45.8652967214584 -21.4205521725692, -45.8667290210724 -21.4202125890025, -45.8674854040146 -21.4219404618796, -45.867925286293 -21.4227944030653, -45.8681237697601 -21.4230291111713, -45.8695077896118 -21.4225896573881)))
MG-3101607-69350A916E724BAC815800071E50E33C;Alfenas;MG;6.1665;0.2372;AT;MULTIPOLYGON (((-45.9804993526269 -21.2141958373539, -45.9798648027795 -21.2140870535965, -45.9796165330732 -21.213986624958, -45.9809252604332 -21.2124120686942, -45.9815245419679 -21.2116465249853, -45.9821992655477 -21.2118480291129, -45.9828719536492 -21.2122400639454, -45.9831586636439 -21.2127297328639, -45.9822050494952 -21.213745423473, -45.9811428008144 -21.2146669281602, -45.9804993526269 -21.2141958373539)))
MG-3101607-D97826C115DE468FBA9716BAE791FC3E;Alfenas;MG;3.4634;0.1332;AT;MULTIPOLYGON (((-45.8778548240662 -21.521967364564, -45.8778709173203 -21.5219548885769, -45.8778870105743 -21.5219349269954, -45.8779406547546 -21.5219024894195, -45.8790028095245 -21.5216230269275, -45.8791369199753 -21.5218176526484, -45.8792924880981 -21.5219573837744, -45.879442691803 -21.522107095546, -45.8796036243439 -21.5223466340597, -45.8797752857208 -21.5227358833021, -45.8799308538437 -21.5231051700809, -45.8794373273849 -21.5232648613702, -45.8785092830658 -21.5234994076331, -45.8784180879593 -21.5235293496819, -45.8778440952301 -21.5230452858022, -45.8773934841156 -21.5226161144155, -45.8776026964188 -21.5223316629142, -45.8777904510498 -21.5220322396795, -45.8778548240662 -21.521967364564)))
MG-3101607-1AD916F6288042BC8F2637B1E2F28DCC;Alfenas;MG;8.712;0.33;AT;MULTIPOLYGON (((-46.004622614018 -21.2260398863425, -46.0026498492871 -21.226004882892, -46.0027142223034 -21.2255848408294, -46.0027142223034 -21.2254048224364, -46.0026927646307 -21.2251847996575, -46.0027249511389 -21.2249447744339, -46.0027356799752 -21.2247347520429, -46.0027544554375 -21.2242647008457, -46.0027785953198 -21.223854654962, -46.0028644260079 -21.2233245939601, -46.0029475744865 -21.2226770168493, -46.0029395278606 -21.2224444884672, -46.0029287990243 -21.2222344625169, -46.003003900877 -21.222084443798, -46.0048854705006 -21.2222644662424, -46.0048747416652 -21.222739524416, -46.0047406312143 -21.2243947151566, -46.004622614018 -21.2260398863425)))
MG-3101607-35000B337AFE4CFBB1DD33AE3421C235;Alfenas;MG;29.0495;1.12;AT;MULTIPOLYGON (((-45.8868937548442 -21.4946779803624, -45.887027865295 -21.4935798833154, -45.8871673401641 -21.4925167178248, -45.8873765524677 -21.4925915888878, -45.8877842482375 -21.4927812620766, -45.8881704863356 -21.4927812620766, -45.8883260544582 -21.492766287886, -45.8884762581627 -21.4928062190565, -45.8886425551218 -21.4929110383256, -45.8888678606799 -21.493120676639, -45.889087801818 -21.493290383623, -45.8893935736461 -21.4935798833154, -45.8896832522196 -21.4938693824326, -45.8898227270886 -21.4942187771509, -45.8903484400557 -21.4940890020682, -45.8906917628093 -21.4939791922914, -45.8914964255135 -21.493709658853, -45.8929877337257 -21.4931705904782, -45.8951764162814 -21.492381949813, -45.8950798567569 -21.4929310038928, -45.8950154837405 -21.4934401249152, -45.8949940260687 -21.4937495897645, -45.895058399085 -21.4940890020682, -45.8950476702487 -21.494538223017, -45.8950905855932 -21.4949075814242, -45.8951013144296 -21.4952370084022, -45.8949403818887 -21.4954965564055, -45.8947740849288 -21.4956862258064, -45.8945112284461 -21.4958359646329, -45.8939104136272 -21.4961054941323, -45.8932344969557 -21.4964249358558, -45.8925478514477 -21.4967244118341, -45.8921723421851 -21.496874149592, -45.8915178831862 -21.4970039221912, -45.8904879149248 -21.4972634670414, -45.890080219154 -21.4973732743385, -45.8884923514173 -21.4959857033053, -45.8873980101395 -21.4950872689592, -45.8871297892377 -21.4948726421554, -45.8868937548442 -21.4946779803624)))
MG-3101607-3E1A27645F854F4888F5D9D723B1043D;Alfenas;MG;4.3026;0.17;AT;MULTIPOLYGON (((-45.864285325 -21.308122160467, -45.8640063972222 -21.3076637410226, -45.8636332388889 -21.3076205660226, -45.8635999527778 -21.3078634243559, -45.8635783916667 -21.3079883465781, -45.8635664277778 -21.3080377993559, -45.8635455277778 -21.3081091188004, -45.863473075 -21.3083071826892, -45.8634294805556 -21.3084018743559, -45.8634045222222 -21.3084547993559, -45.8629934027778 -21.3085418049115, -45.8627819055556 -21.3085898438003, -45.8625537027778 -21.3086428549115, -45.8617942555556 -21.3088004882448, -45.8616841555556 -21.3088388438003, -45.8615829472222 -21.3088726160226, -45.8615730027778 -21.308876660467, -45.8613960833333 -21.3089353160226, -45.8612351166667 -21.3089921549114, -45.8610652444444 -21.3090524993559, -45.8611149166667 -21.3090956993559, -45.861188775 -21.3091549410226, -45.8612194944444 -21.3091901549114, -45.8612713083333 -21.3092034965781, -45.8613016805556 -21.309207160467, -45.8613487083333 -21.3092567743559, -45.8613824638889 -21.309253710467, -45.8613895138889 -21.3092276188003, -45.8614384138889 -21.3091811660226, -45.8615235361111 -21.3092327688003, -45.8615706222222 -21.309298360467, -45.8616029111111 -21.3093960938003, -45.8615997638889 -21.309514635467, -45.8615924694444 -21.3095814299114, -45.8615651027778 -21.3096168771337, -45.8615849472222 -21.309680260467, -45.8616638722222 -21.3096919549114, -45.8617286 -21.3097673215781, -45.86171185 -21.3098246771336, -45.8616964694444 -21.3098723326892, -45.8617787611111 -21.3099075521336, -45.8618251694444 -21.3099682076892, -45.86185385 -21.3100418910225, -45.8618316055556 -21.3100500549114, -45.8618414055556 -21.3101235021336, -45.8618363722222 -21.3102043410225, -45.8618246666667 -21.3102584632447, -45.8618753361111 -21.3102629938003, -45.8619393472222 -21.310291285467, -45.8620279527778 -21.3103068882447, -45.8620776416667 -21.3103228938003, -45.8621185333333 -21.3103611910225, -45.8621387722222 -21.3104065493559, -45.8621269388889 -21.3104339660225, -45.8620959416667 -21.3104718271336, -45.8621317944444 -21.3105274299114, -45.8621688916667 -21.3105931465781, -45.8622268972222 -21.310593835467, -45.8623421222222 -21.3105775688003, -45.8624403722222 -21.310657635467, -45.8625669305556 -21.3107480465781, -45.86260175 -21.310806710467, -45.8634701555556 -21.309599060467, -45.8633226361111 -21.3092841576892, -45.8633460027778 -21.3090130549114, -45.8634801055556 -21.3089049021337, -45.8636842305556 -21.3088244299114, -45.8638651277778 -21.3085901576892, -45.864285325 -21.308122160467)))
MG-3101607-757C602E15434178BE66A15E2D91456A;Alfenas;MG;7.327;0.28;AT;MULTIPOLYGON (((-46.087126022197 -21.4302456083339, -46.0877161081805 -21.4303354920019, -46.0882740076548 -21.4303754402805, -46.0887568052774 -21.430445349743, -46.089379077769 -21.4305651944574, -46.0900442656051 -21.4307150002121, -46.0905485208995 -21.4309047539476, -46.090784555293 -21.431124468491, -46.0909776743421 -21.4312642866642, -46.0911171492102 -21.4314240786987, -46.0913424547674 -21.4316338054781, -46.091578489161 -21.4319134407148, -46.091632133341 -21.43176363619, -46.0917823370463 -21.4312343256383, -46.0918574388981 -21.4307549483876, -46.0919218119145 -21.430415388549, -46.091964727259 -21.4296763438177, -46.0915463026528 -21.4296663567008, -46.0907738264567 -21.4296264082273, -46.090205198146 -21.4295564983735, -46.0896687563425 -21.4294566270946, -46.0890250261791 -21.4293467686095, -46.0886387880811 -21.4292768586209, -46.0879736002458 -21.4291370385441, -46.0872654970661 -21.4290171926572, -46.0872225817215 -21.429186974301, -46.0871903952134 -21.4294266656977, -46.087179666377 -21.4297961891635, -46.0871367510334 -21.4299959311875, -46.087126022197 -21.4302456083339)))
MG-3101607-13A05FC6B49A42648FCCF58A8FB875DB;Alfenas;MG;6.6659;0.2564;AT;MULTIPOLYGON (((-46.0164928436279 -21.2804570424623, -46.0120940208435 -21.2811568511796, -46.0119223594666 -21.2804370478786, -46.011815071106 -21.2798971930914, -46.0116863250732 -21.2792773573741, -46.0120296478271 -21.2791173993456, -46.0127806663513 -21.2799371824028, -46.0161709785461 -21.2791973783816, -46.0164928436279 -21.2804570424623)))
MG-3101607-A7969E941DD247D1AE1CCBEAB7309D98;Alfenas;MG;8.8487;0.3403;AT;MULTIPOLYGON (((-46.0274362564087 -21.3001303954505, -46.0319852828979 -21.2983710970917, -46.0322856903076 -21.2999304762431, -46.0276079177856 -21.3017297393183, -46.0274362564087 -21.3001303954505)))
MG-3101607-C1E595AC3E144336BA3303871A4BC67D;Alfenas;MG;3.0024;0.1155;AT;MULTIPOLYGON (((-46.0084676742554 -21.2781976373071, -46.008403301239 -21.2778177339175, -46.009304523468 -21.2776377793379, -46.0112571716309 -21.2773578495544, -46.0113644599915 -21.2783775912019, -46.008574962616 -21.2785775397157, -46.0084676742554 -21.2781976373071)))
MG-3101607-5D773931A85B499D8007C916C14FEB8A;Alfenas;MG;4.4081;0.1695;AT;MULTIPOLYGON (((-45.9719896316528 -21.4243274896228, -45.9720754623413 -21.4252063854067, -45.9721183776855 -21.4258056294989, -45.9722685813904 -21.426584643142, -45.9724402427673 -21.4272637798497, -45.9718179702759 -21.4273037289694, -45.9713673591614 -21.4274834998729, -45.9708738327026 -21.4274834998729, -45.9708738327026 -21.4270640340871, -45.9708523750305 -21.4264248458105, -45.9708523750305 -21.425525982562, -45.9708952903748 -21.4250266116995, -45.9710025787353 -21.4244473393594, -45.971667766571 -21.4244273644101, -45.9719896316528 -21.4243274896228)))
MG-3101607-931254EE4EB044E8A4F39A1E26821AFF;Alfenas;MG;134.295;5.1652;AT;MULTIPOLYGON (((-45.9132089025786 -21.3177347533848, -45.9112670394444 -21.317921566199, -45.91016719499 -21.3181069247151, -45.9089197560906 -21.3188342755331, -45.9081218712703 -21.3195744670519, -45.9077225502368 -21.3200890322166, -45.9073363502599 -21.320642761672, -45.9069674799547 -21.320871299558, -45.9061359045617 -21.3210977634025, -45.9051158472109 -21.3212204016802, -45.9031816098951 -21.3219835538984, -45.9012241524409 -21.3225890228775, -45.8994933293681 -21.3232549788425, -45.8983819534613 -21.3211789477847, -45.8968422681092 -21.3181909224999, -45.8959780311524 -21.3166953351666, -45.8980566039293 -21.3156490607604, -45.9000651881168 -21.3154661648292, -45.9008318978215 -21.3149918957886, -45.9017703988355 -21.3148039422636, -45.9030020051241 -21.3143597507288, -45.9044092495233 -21.3143812397426, -45.9052482133295 -21.3146570686721, -45.9062485803472 -21.3143814005979, -45.9067550747001 -21.3136897632023, -45.9079347290382 -21.3128437799413, -45.9086206568129 -21.3126165582898, -45.909386270529 -21.3127304621017, -45.911077818723 -21.3123182449684, -45.9126026406885 -21.3121096893803, -45.9130367247447 -21.3120864081553, -45.9131185811306 -21.3119229221005, -45.9133619426375 -21.3118760227718, -45.9137006903529 -21.3119463222764, -45.9141466624723 -21.3120164324601, -45.9145976397956 -21.3120397480345, -45.9148226433651 -21.3121328726171, -45.9151114792171 -21.3122256689678, -45.9150753662637 -21.312479245903, -45.914913832195 -21.3128664305608, -45.9148868155129 -21.313359171585, -45.9149798310296 -21.3150134394354, -45.9150450701557 -21.3161918525212, -45.9151943220036 -21.317259626995, -45.9152492766856 -21.3175240856762, -45.9151344120998 -21.3176365443082, -45.9132089025786 -21.3177347533848)))
MG-3101607-D8F5562642AC415EBC7C492537E231DB;Alfenas;MG;7.9311;0.305;AT;MULTIPOLYGON (((-46.0315614938736 -21.2095141773307, -46.0312288999557 -21.2090240733809, -46.0309392213821 -21.2085139634605, -46.0319209098816 -21.2078988285655, -46.0338413715363 -21.206703559125, -46.0355472564697 -21.2056983250344, -46.0367596149445 -21.2049331422593, -46.0370975732803 -21.2047230913922, -46.037210226059 -21.2048631253368, -46.0373228788376 -21.2050431687848, -46.0373657941818 -21.2051832024258, -46.037392616272 -21.2052632215897, -46.0373497009277 -21.2053132335451, -46.037210226059 -21.2054632693097, -46.0371029376984 -21.2055532906953, -46.036673784256 -21.2058783674641, -46.0344851016998 -21.2074587304826, -46.0328435897827 -21.2086389905648, -46.0317277908325 -21.2094041541366, -46.0315614938736 -21.2095141773307)))
MG-3101607-315C78D9DCBA4EF4BE46CF9DAD614484;Alfenas;MG;19.1044;0.7348;AT;MULTIPOLYGON (((-46.0048842430115 -21.4999530668328, -46.0040903091431 -21.4991944099954, -46.0034680366516 -21.4985755028027, -45.9996914863586 -21.499074621712, -45.9994769096375 -21.4990546569885, -45.9996056556702 -21.4993940569152, -45.9998846054077 -21.4996735621425, -45.9999489784241 -21.5001327481357, -45.999584197998 -21.5004721455468, -45.999584197998 -21.500971257948, -45.9995198249817 -21.5013905110414, -45.999584197998 -21.501630083695, -45.9993052482605 -21.5018896202911, -45.9997129440308 -21.5021890850188, -46.0000562667847 -21.5025284776314, -46.0005712509155 -21.5026682273005, -46.0003995895386 -21.503007618795, -46.0003137588501 -21.5032072604806, -46.0005712509155 -21.5034667942621, -46.0011291503906 -21.5031473680037, -46.0020518302917 -21.5027880126243, -46.0031890869141 -21.5022090493121, -46.003897190094 -21.5015102974175, -46.003532409668 -21.5011110091134, -46.003897190094 -21.5004122519436, -46.0048842430115 -21.4999530668328)))
MG-3164704-003DB6E54F3D40A69A12502B5A09E994;São Sebastião do Paraíso;MG;163.7874;5.8496;AT;MULTIPOLYGON (((-47.0872601333334 -20.9621623030556, -47.0857675825 -20.9618190569444, -47.0855857188889 -20.9618016847222, -47.0851881472223 -20.9618293080555, -47.0847661725 -20.9619068102777, -47.0837646061111 -20.9622331647222, -47.0829957686111 -20.9625079908333, -47.0828301527778 -20.9625808197222, -47.0824931086111 -20.9628136088889, -47.0823636088889 -20.9629810947222, -47.0822771611111 -20.9631469708333, -47.0822218872222 -20.9633144527777, -47.0821550627778 -20.9635920761111, -47.0821237686111 -20.9637692897222, -47.0821080677778 -20.9639477577778, -47.0821238075 -20.9642928288889, -47.0821656544444 -20.9644749288889, -47.0822421202778 -20.9647476405556, -47.0827095563889 -20.9656815358333, -47.0831590338889 -20.9666095980555, -47.0832023711111 -20.9672321313889, -47.0832476077778 -20.9685952911111, -47.0832844566667 -20.9691727475, -47.0832993258333 -20.9692673933333, -47.0833379397222 -20.9695142861111, -47.0833483808334 -20.9695808086111, -47.0833962808333 -20.9698871938889, -47.0862245722222 -20.9699119202778, -47.0861872836111 -20.9690265069444, -47.0876926183333 -20.9703125336111, -47.0883511297222 -20.9708771305555, -47.0883486022223 -20.9708889925, -47.0892084636111 -20.9717579066667, -47.0900073580556 -20.9721071877778, -47.0902690033333 -20.9726264311111, -47.0899474772223 -20.9730076983333, -47.0898961236111 -20.9733736394445, -47.0898225116667 -20.97389528, -47.0895063322222 -20.9742464072222, -47.0891060247222 -20.9746881552778, -47.0895081663889 -20.9752150688889, -47.0899073558334 -20.9757576413889, -47.0900080927778 -20.9759072261111, -47.0901939186111 -20.9762911188889, -47.0902985286111 -20.9764771416666, -47.0904217355556 -20.9764171075, -47.0908430616666 -20.9761522, -47.0915263575 -20.9756415880556, -47.0916742011111 -20.9758870461111, -47.0917205980556 -20.9760909419444, -47.0918916569445 -20.9762150066667, -47.0920234830556 -20.9763528288889, -47.0920976561111 -20.9764590275, -47.0919936433334 -20.9767166094444, -47.0921110991666 -20.9768167672222, -47.0923092941667 -20.9769145788889, -47.0927238725 -20.9767936158333, -47.0928825577778 -20.9767057797222, -47.0930573705556 -20.9765677127778, -47.0932066169445 -20.9764994997222, -47.0932646161111 -20.9764178677778, -47.0933646411111 -20.97635044, -47.0935441327778 -20.9760720613889, -47.0937724447222 -20.9759504952778, -47.0939372897222 -20.9758493972222, -47.0946343208333 -20.9757180033333, -47.0949940225 -20.9757029230555, -47.0952891083333 -20.9757292769444, -47.0954859977778 -20.9757334475, -47.0957342213889 -20.9756815352778, -47.0959532080555 -20.9757877563889, -47.0961508911111 -20.9758901755556, -47.0963226052778 -20.9759300572222, -47.0964870838889 -20.9759682213889, -47.0966354141667 -20.975951675, -47.0968546005555 -20.9759343463889, -47.0972118813889 -20.9760076155555, -47.0971750530556 -20.9755390819444, -47.0972519680556 -20.9750836877777, -47.0971674508333 -20.9749323730556, -47.0968831777778 -20.9749434586111, -47.0969030425 -20.9746305558333, -47.0972232663889 -20.9744671236111, -47.0974053788889 -20.9742049652778, -47.0976457155555 -20.9738569258333, -47.0977994913889 -20.9733420636111, -47.0980928927778 -20.9723596552778, -47.0992771911111 -20.9720342138889, -47.0992528077778 -20.9714794605556, -47.0991891747222 -20.9712537438889, -47.0989463725 -20.9710460388889, -47.0987350419444 -20.9707715669445, -47.0984178469444 -20.9708551288889, -47.0977084541667 -20.97069137, -47.0976530905556 -20.9706515016666, -47.0975734841667 -20.9710241136111, -47.09724454 -20.9710237380555, -47.0970350169444 -20.9711404708334, -47.0969226025 -20.9710638252778, -47.0967854788889 -20.9705875847222, -47.0967797988889 -20.9702286663889, -47.0967097952778 -20.9701042658333, -47.0965353244444 -20.9698869558333, -47.0961241738889 -20.9696246922222, -47.0959303027778 -20.9693123416666, -47.09565761 -20.9691946786111, -47.0954265958333 -20.9690112069444, -47.0955569702778 -20.9687692844444, -47.0956088094444 -20.9686047313889, -47.0954361533334 -20.9682621355556, -47.0956835927778 -20.9679203338889, -47.0956140255555 -20.9676753613889, -47.0958080708334 -20.9668693825, -47.0959855977778 -20.9664373158333, -47.0960402891667 -20.9661050191667, -47.0961748772222 -20.9657310994444, -47.0962309608333 -20.9653400827778, -47.096250025 -20.9651144305555, -47.0964146172222 -20.9649685394444, -47.0962937619444 -20.9648378102778, -47.0962327705556 -20.96469063, -47.0959566241667 -20.9642763358333, -47.0959076036111 -20.9642705263889, -47.0951214311111 -20.9629551416667, -47.0949004097222 -20.9626116941667, -47.0945945466667 -20.962120365, -47.0943273561111 -20.9616787733333, -47.0936587316667 -20.9620365847222, -47.0932810391667 -20.9623109852778, -47.0930830441667 -20.9628339738889, -47.0928253611111 -20.9630959719444, -47.0927282819444 -20.9631119752778, -47.0925573902778 -20.9632958711111, -47.0924323741666 -20.9634669213889, -47.0923837177778 -20.9636461555556, -47.0923029075 -20.9638501683333, -47.0921527805556 -20.9639648108333, -47.0920162027778 -20.96426551, -47.0919757275 -20.9644799552778, -47.0918345130555 -20.9648482641666, -47.0917231602778 -20.9651238175, -47.0916482583333 -20.9653932338889, -47.0914255738889 -20.9653516238889, -47.0907434313889 -20.9651815386111, -47.0906742269444 -20.9651209755555, -47.0901729338889 -20.9646597613889, -47.0894576322222 -20.9639990516666, -47.0886105072222 -20.9632199294444, -47.08791686 -20.9625735772222, -47.0875034325 -20.9621932805556, -47.0872601333334 -20.9621623030556)))
MG-3164704-003EC57EE6DB47E1A13A66031719A4D7;São Sebastião do Paraíso;MG;20.887;0.746;AT;MULTIPOLYGON (((-47.0185057647222 -20.9689371022222, -47.0186358361111 -20.9687484986111, -47.0187680275 -20.9685807172222, -47.01897198 -20.9684301058333, -47.0193118577778 -20.9683400177778, -47.0194713711111 -20.9681375586111, -47.0197944641667 -20.9678478236111, -47.0199279786111 -20.9675788875, -47.0202636719444 -20.9673500055556, -47.0205152355556 -20.9671963288889, -47.0207481925 -20.9669863144444, -47.0208269111111 -20.9668892277778, -47.0209059466667 -20.9668809566667, -47.0214943761111 -20.9667334436111, -47.0216984302778 -20.9668893088889, -47.0242585927778 -20.9691359508333, -47.02459788 -20.9695009047222, -47.0245477811111 -20.9697648877778, -47.0245072338889 -20.9700911055556, -47.0243899783333 -20.9703327227778, -47.0241793222222 -20.9706581108333, -47.0237421127778 -20.9706893341667, -47.0177612305556 -20.9705085738889, -47.0174026491667 -20.9704551680556, -47.017139435 -20.9702892288889, -47.0170209819444 -20.9700775372222, -47.0173522022222 -20.9696399772222, -47.0173724205556 -20.9696132677778, -47.0176857852778 -20.9693504455556, -47.0179741041667 -20.9692665044444, -47.0182698766667 -20.9690878086111, -47.0185057647222 -20.9689371022222)))
MG-3164704-0056787555E04208B6B5ABC0A8B7C799;São Sebastião do Paraíso;MG;752.6818;26.8815;AT;MULTIPOLYGON (((-46.8080072108961 -20.9159611124809, -46.8107202278543 -20.9135726257197, -46.8144624710252 -20.9107628385408, -46.816000694863 -20.9125018699462, -46.8173028832879 -20.9139602696126, -46.8182896512016 -20.9150960580091, -46.818576860392 -20.9148491433702, -46.8196607955039 -20.9139172698307, -46.8207878897156 -20.914880255311, -46.8225469839896 -20.9156130034863, -46.8257582635601 -20.9184860113613, -46.8265902285812 -20.9199254541521, -46.8268735356021 -20.9208131069189, -46.8263328050918 -20.9210680978247, -46.8275883415315 -20.9226091016073, -46.8278334183715 -20.9228863385181, -46.8290446759295 -20.9234786851518, -46.8292763199931 -20.9239324051592, -46.8294385488533 -20.9245953336131, -46.8285718525617 -20.9253302012375, -46.8284619036191 -20.9254546515895, -46.8288406488113 -20.925829353409, -46.8289939384982 -20.9257954295482, -46.8295775818537 -20.9263777083629, -46.8302104894326 -20.926936993346, -46.8302672687667 -20.9270012000483, -46.8305560496422 -20.9278078789194, -46.8308259206215 -20.927852396014, -46.8310900027658 -20.9278206892344, -46.8314075126561 -20.9276305652861, -46.831714585293 -20.9274251534656, -46.8320398970005 -20.9274181546707, -46.8324572993628 -20.9274875856607, -46.8328511458707 -20.9275079938771, -46.8329670742865 -20.9273312083759, -46.833029143522 -20.9270410537501, -46.8330677688816 -20.9267111152896, -46.833039710471 -20.9262914422562, -46.8330928024594 -20.9260722162754, -46.8332549426296 -20.9259195715492, -46.8334806300155 -20.9258678728436, -46.8336936114593 -20.925850186509, -46.833890731928 -20.9256975686933, -46.8338432049424 -20.9254896515138, -46.8338911887461 -20.9253830972889, -46.8339678215875 -20.9252685234533, -46.834075743534 -20.9251941007623, -46.8341678977117 -20.9251738307395, -46.8343583346897 -20.9251036275922, -46.8344523073175 -20.9250640580845, -46.83444343768 -20.9250101701174, -46.8343775044499 -20.9249915989021, -46.8342500262097 -20.92480679736, -46.8342455083283 -20.9247751561472, -46.8342423054721 -20.9246807197613, -46.8344232082709 -20.9244928622743, -46.8342753097294 -20.9242518147599, -46.8342591831066 -20.924197764054, -46.8342709617726 -20.9241532940157, -46.8344523591929 -20.9240353581911, -46.8346552843822 -20.9240061855665, -46.8347948932578 -20.9240046850001, -46.8349104391977 -20.9238819804894, -46.8350081282934 -20.9238105464702, -46.8352335335709 -20.9243520857756, -46.8353249980218 -20.9244898524258, -46.8353919921753 -20.9246442762069, -46.8355214962483 -20.9251758289928, -46.8356771277357 -20.9254842059488, -46.8357332000818 -20.9256309284138, -46.8357425706525 -20.9256757794549, -46.8356992297436 -20.9258449674895, -46.8357697432798 -20.926149307956, -46.8357733241261 -20.9262592589413, -46.8355367175843 -20.9262660302388, -46.8349510605487 -20.9276500867851, -46.8342368274843 -20.929343218631, -46.8335905018046 -20.9306699026503, -46.8330517674948 -20.9317535091621, -46.8325170835294 -20.9327794721486, -46.8324446167841 -20.932915670963, -46.8315399193984 -20.9345978689695, -46.8299784128244 -20.936679208609, -46.8293942816765 -20.937835505732, -46.8293544510858 -20.9378862786552, -46.8263663310429 -20.9409436164562, -46.8243018797673 -20.9414240630841, -46.824188907464 -20.9413134335492, -46.8237136418296 -20.94134774253, -46.8222340478362 -20.9415133026592, -46.8221416235565 -20.9414782228212, -46.8221464072951 -20.9413106675991, -46.8204248173441 -20.9414579348002, -46.819695664264 -20.9415201418046, -46.8173413606938 -20.9417626700589, -46.8157929931242 -20.9421218145408, -46.8147843256995 -20.9424006138407, -46.8127777653628 -20.9429662046693, -46.8103349422788 -20.943657275753, -46.8103385300255 -20.9428664566677, -46.8104829649915 -20.9419368040798, -46.8106470163431 -20.9410752239121, -46.8106648106779 -20.9404699697909, -46.8106397289716 -20.9403207545683, -46.8104600418608 -20.9397983097715, -46.8098157950016 -20.9384247045822, -46.8097224426031 -20.9381950052687, -46.8094588211914 -20.9376455078718, -46.8086955392539 -20.936054481281, -46.808250903168 -20.9349914002176, -46.8077168451969 -20.9340254985776, -46.8068630606283 -20.932307798499, -46.8060651201406 -20.9315188245268, -46.805352596249 -20.9307454569333, -46.8053126164122 -20.9306870995017, -46.8051255821857 -20.930264766684, -46.8040950039615 -20.9274994241658, -46.8010423690957 -20.9194571519091, -46.8080072108961 -20.9159611124809)))
MG-3164704-00843C85BBD6475981CA50D5D686C2AB;São Sebastião do Paraíso;MG;3.4237;0.1223;PE;MULTIPOLYGON (((-46.8563292211111 -21.0039441563889, -46.8564900733333 -21.0053249683333, -46.8572754277778 -21.0060367708333, -46.8575312394444 -21.0058012286111, -46.8577799863889 -21.0056208486111, -46.8579450213889 -21.0055246644444, -46.8581467302778 -21.0054619863889, -46.8582715333333 -21.0053988983333, -46.8583309486111 -21.0053316727778, -46.8583640325 -21.0052395975, -46.8583552372222 -21.0051558330556, -46.8582832461111 -21.0047627072222, -46.8583066163889 -21.0047028869444, -46.857734565 -21.0044712344444, -46.8576981372222 -21.0043154175, -46.8580291205556 -21.0039546816667, -46.8572769294444 -21.0038861794444, -46.8563292211111 -21.0039441563889)))
MG-3164704-0088B0005DDA4C66963B704DA7AD832E;São Sebastião do Paraíso;MG;3.4084;0.1217;AT;MULTIPOLYGON (((-47.114999999993 -20.977840832563, -47.115094722215 -20.977475554785, -47.115118888882 -20.977378054785, -47.115163888882 -20.977201388119, -47.115212777771 -20.976998332563, -47.115266111104 -20.976777777008, -47.115330555549 -20.976519721452, -47.115362499993 -20.976393332563, -47.115367777771 -20.976377221452, -47.115705555549 -20.97652749923, -47.115923333326 -20.976624721452, -47.116229999993 -20.97676249923, -47.116113285664 -20.977168923889, -47.116044728166 -20.977405955896, -47.116027610954 -20.977462522364, -47.115959814129 -20.97769964424, -47.115924031681 -20.977818937515, -47.115839501075 -20.978100961959, -47.115796484221 -20.978250066306, -47.115728923846 -20.978473295416, -47.115666767986 -20.978673355922, -47.115613409197 -20.978845337946, -47.11557488736 -20.978986592616, -47.11550482873 -20.979231843332, -47.115484517349 -20.979296505146, -47.115443098793 -20.979444433607, -47.115560304625 -20.979476492011, -47.116094266077 -20.979618419333, -47.11645899982 -20.97971660637, -47.116862563434 -20.979821688326, -47.117462686582 -20.979975568011, -47.117323333326 -20.980141110341, -47.117253611104 -20.980121665896, -47.116706111104 -20.979970277008, -47.116456111104 -20.979905277008, -47.115968888882 -20.979776388119, -47.11561666666 -20.979681943674, -47.115378055549 -20.979608610341, -47.115260833326 -20.979537221452, -47.115035555549 -20.97938999923, -47.114855277771 -20.979276943674, -47.114643333326 -20.979140277008, -47.114721944437 -20.978856110341, -47.114740277771 -20.978787777008, -47.114819444437 -20.978496110341, -47.114932499993 -20.978084721452, -47.114999999993 -20.977840832563)))
MG-3164704-00A719A594EE4B869BBC50A2E17167B6;São Sebastião do Paraíso;MG;9.0817;0.3243;AT;MULTIPOLYGON (((-47.0160666812152 -20.8339975985368, -47.0174607979663 -20.8336899213717, -47.0181732622501 -20.8338572941358, -47.0184835644134 -20.8341900864159, -47.0188156876019 -20.8347662853551, -47.0165108589686 -20.8372017992765, -47.0161130082768 -20.8354624945639, -47.0145135700464 -20.8344189810268, -47.0149196072243 -20.833703434685, -47.0144744217396 -20.8333657277883, -47.0146524533629 -20.833195889095, -47.0148324966431 -20.8330235433617, -47.0160666812152 -20.8339975985368)))
MG-3164704-00F23B3498BC4017B5578AE12A7DDA60;São Sebastião do Paraíso;MG;8.6375;0.3085;AT;MULTIPOLYGON (((-46.8562965725 -20.9638947242, -46.8558135941 -20.9640212524, -46.85526722 -20.9640500358, -46.8547723985 -20.963975049, -46.8541963929 -20.9637326089, -46.8529157475 -20.9628599906, -46.8529411283 -20.9626424278, -46.853054066 -20.9624182743, -46.8535428005 -20.9617926544, -46.853747096 -20.9614796914, -46.8546702392 -20.9607476573, -46.8553316017 -20.9603880509, -46.8554209732 -20.9604764409, -46.855501876 -20.9607365418, -46.8556441547 -20.9612445526, -46.855806945 -20.9618578396, -46.8556359842 -20.963249972, -46.856944662 -20.963388824, -46.8569438127 -20.9635214407, -46.8572804543 -20.9635299624, -46.8562965725 -20.9638947242)))
MG-3164704-0110525A40584DFE8AAF422FE4DAEF5E;São Sebastião do Paraíso;MG;58.8308;2.1;AT;MULTIPOLYGON (((-47.203436485949 -20.8984974811207, -47.2031978472956 -20.8989537369851, -47.2029299887046 -20.8994579982346, -47.2025018481557 -20.9003514634624, -47.2018235565898 -20.9016680621764, -47.2011380698148 -20.9028358638637, -47.1998156341769 -20.9054008565227, -47.199753309629 -20.9056592566435, -47.1994759373609 -20.9065653792749, -47.1990485618375 -20.9072737042451, -47.198676331543 -20.9076986976216, -47.1982153133713 -20.9079173448542, -47.1991452582677 -20.9100465691944, -47.1994588824618 -20.9099792514518, -47.1995135058121 -20.9098880712412, -47.1997348170836 -20.9095186454656, -47.200691222213 -20.9084172795561, -47.20123205358 -20.9076661999093, -47.2011755161997 -20.9074409593632, -47.2015121690908 -20.9069834495075, -47.202214532151 -20.9062125159005, -47.2026305463206 -20.9057438035096, -47.2029912399751 -20.9054820297004, -47.2034991615382 -20.9051542440189, -47.2040619772939 -20.9047975098374, -47.2049151391095 -20.9043845324046, -47.2056717775889 -20.9040879306543, -47.206800422587 -20.903897747851, -47.2081806571803 -20.9035280593602, -47.2090521615848 -20.9033308397149, -47.2096827272112 -20.9033456044942, -47.210642792243 -20.9034490590183, -47.2115545277839 -20.9032023073701, -47.2119444090769 -20.9023011008026, -47.203436485949 -20.8984974811207)))
MG-3164704-011D4B6FF8964CFC99E1362E3EB0C375;São Sebastião do Paraíso;MG;367.5822;13.1279;AT;MULTIPOLYGON (((-46.9084213940513 -20.9963078843801, -46.9052344844207 -20.9958239555155, -46.9024567786927 -20.995347309732, -46.9020738129552 -20.9952375530806, -46.9019037135209 -20.9951447013039, -46.9018280961668 -20.9949367005087, -46.9017324500125 -20.9946574378146, -46.9016663822826 -20.9945072812706, -46.9013136441076 -20.9943224329225, -46.9004593925369 -20.9936333369928, -46.899941387724 -20.9933013198641, -46.8995628761955 -20.9930049075057, -46.8993003130724 -20.9929139805544, -46.898986078726 -20.9927072411437, -46.8986120107021 -20.992640204952, -46.8979032592081 -20.9924018843191, -46.8972006906358 -20.9917962853007, -46.896874949738 -20.9916267106675, -46.8967683869399 -20.9915762934442, -46.8966539611334 -20.9914755878553, -46.8964888781218 -20.9914754957936, -46.8964590186629 -20.9913974337885, -46.8963628643471 -20.9911976336865, -46.8965665894872 -20.9911386995755, -46.896549476543 -20.9909937425847, -46.8966025429055 -20.9907500636983, -46.8963220417261 -20.9902979396356, -46.8960871359559 -20.9901747169714, -46.8960253819105 -20.9897324622475, -46.8962457596461 -20.9895246557254, -46.8962267181739 -20.9891141465677, -46.8959239292739 -20.9889434441978, -46.896080104443 -20.9889154709339, -46.896602634693 -20.9890604339828, -46.896800328561 -20.9888991857971, -46.8970779512875 -20.9888229907021, -46.8968937087144 -20.9886358116355, -46.8967480436895 -20.9886690974473, -46.8966323349856 -20.9885666907099, -46.8970425729332 -20.9885132688509, -46.897258786377 -20.9886351779836, -46.8976314665082 -20.9886569709134, -46.8978077229214 -20.9884837136986, -46.8980584600771 -20.9883653421712, -46.8981402304044 -20.9881421044093, -46.8953469366398 -20.9873176115515, -46.8935742642997 -20.986760903831, -46.8896186991323 -20.9855180879118, -46.8879656523535 -20.9850508234733, -46.887612689161 -20.9850010816115, -46.8874554770526 -20.9849554298258, -46.8873177615613 -20.9849536473578, -46.8871546796797 -20.9849284182072, -46.8864084505283 -20.9848766522198, -46.886371810416 -20.9844561633602, -46.886445163515 -20.9830540870817, -46.8863193917521 -20.9806934512495, -46.8886116574619 -20.9809563255806, -46.8935258930003 -20.9816799767206, -46.8954475042581 -20.981902348587, -46.8973077207543 -20.9822120603269, -46.8977870596011 -20.9824053415029, -46.898077893744 -20.9825233573664, -46.8985026917374 -20.9825350604075, -46.8987538100013 -20.9825065298035, -46.8999714546061 -20.9826304467424, -46.9001914418009 -20.9822506837416, -46.901098370032 -20.9823985977662, -46.9011870465019 -20.9823159522454, -46.9008979103737 -20.9818491191046, -46.9010913718741 -20.9815979538404, -46.9011504297521 -20.9811747721195, -46.9014791719595 -20.9804361615992, -46.9013368035683 -20.9793904720302, -46.9015990946643 -20.9789250646253, -46.9024344621225 -20.9783630048596, -46.9036231073859 -20.9777699932629, -46.9042654534407 -20.9784238426675, -46.9045697348218 -20.9785076171921, -46.904952721399 -20.9782142732059, -46.905534125089 -20.9780811180098, -46.9055275944306 -20.9780439567047, -46.9057580610398 -20.9777785962779, -46.9068960642947 -20.977716942334, -46.9119024418055 -20.9773531041271, -46.9158353160108 -20.9769327905987, -46.9170444277751 -20.9781168198319, -46.9177436607921 -20.9787797259645, -46.9173561761075 -20.9798155390865, -46.9172345540222 -20.9805219709543, -46.9163923130646 -20.9809757560125, -46.9164832505427 -20.9817154492495, -46.916354462718 -20.9822717535746, -46.9161316207788 -20.9828711700522, -46.9158869173298 -20.9836144712057, -46.9154543752845 -20.9839012327691, -46.9155049916991 -20.9843726328156, -46.9157409063885 -20.9846502162805, -46.916348874521 -20.9853030661013, -46.9166131229864 -20.9862778070317, -46.9158689782956 -20.9866786751344, -46.9148272168191 -20.9866568837241, -46.9139519028429 -20.9865323758923, -46.9134597003691 -20.9862956937656, -46.9130238387268 -20.9868833598119, -46.9121348162881 -20.9876987623795, -46.9117689130397 -20.9884636851304, -46.9113047016334 -20.9893356419829, -46.9110377258635 -20.990129231975, -46.9107685251085 -20.9914329239717, -46.9101353882762 -20.9920500680321, -46.9096723875836 -20.9928081076432, -46.9096686225949 -20.9934092923687, -46.9095992219165 -20.9941638157085, -46.9092571158133 -20.9949230327743, -46.9086127365819 -20.9956571796114, -46.9084213940513 -20.9963078843801)))
MG-3164704-015DB95350FA40CA817A9573987A65B1;São Sebastião do Paraíso;MG;9.3104;0.3325;AT;MULTIPOLYGON (((-47.015334155467 -20.871728726153, -47.015953121093 -20.871105674688, -47.016048038587 -20.871022458285, -47.016129237647 -20.870992013823, -47.016266848996 -20.870967430403, -47.016408921676 -20.87095819614, -47.016539561054 -20.870960515404, -47.016876392599 -20.871000255538, -47.016885945572 -20.871060092477, -47.016754155561 -20.871155102461, -47.017111822973 -20.871630328817, -47.017253327799 -20.871974572072, -47.017287459854 -20.871957965353, -47.017374807762 -20.872148752093, -47.017513660028 -20.872843453259, -47.017644160529 -20.872882878035, -47.017969942673 -20.872936417307, -47.017977815407 -20.873181140618, -47.018023522399 -20.873250673875, -47.017942447877 -20.873550132355, -47.017811431655 -20.873955099312, -47.017496296201 -20.873949843948, -47.017338834167 -20.873825201105, -47.017128303809 -20.873890905419, -47.016985390498 -20.873982906758, -47.015972612581 -20.874419332735, -47.015867406902 -20.874456699217, -47.015809879554 -20.874466408901, -47.015070296659 -20.873652502544, -47.014796189337 -20.873816253693, -47.014789506819 -20.874333927937, -47.014485543825 -20.87459942476, -47.014439550977 -20.87475350351, -47.014318225761 -20.87496093456, -47.013956082534 -20.87471244812, -47.015131322209 -20.872077821285, -47.015334155467 -20.871728726153)))
MG-3164704-0193783F18824142976EADE6354D2F56;São Sebastião do Paraíso;MG;74.1653;2.65;AT;MULTIPOLYGON (((-46.8677130128891 -20.8942754935027, -46.8677505638155 -20.8945461226017, -46.8677505638155 -20.8946864486088, -46.86779347916 -20.8948969373738, -46.8678149368318 -20.8949971700156, -46.8678363945036 -20.8950974025904, -46.8679544117009 -20.8952577745699, -46.8681368019135 -20.8953980999124, -46.8682762767826 -20.8955384251228, -46.8684586669953 -20.8956987966319, -46.8687483455688 -20.8958491447657, -46.8690058376341 -20.8960095159428, -46.8691989566832 -20.8960897014666, -46.8694671775849 -20.8961899333117, -46.8697032119784 -20.8962600955627, -46.8700036193874 -20.8961899333117, -46.8702503826174 -20.8960796782781, -46.8706151630427 -20.8959193071769, -46.870926299289 -20.8956987966319, -46.871173062518 -20.8954782857629, -46.8712910797143 -20.8953980999124, -46.8714627410915 -20.8954682625336, -46.871505656436 -20.8955284018984, -46.8715914871242 -20.8956286341176, -46.8716934110669 -20.8960395855193, -46.8718006994268 -20.896380373632, -46.8718436147714 -20.8967011146793, -46.8719294454595 -20.8972223174176, -46.8718865301159 -20.8974628719173, -46.8717148687387 -20.8977836106509, -46.8714788343451 -20.8981644870057, -46.8709853078862 -20.8984852242397, -46.8704917814282 -20.8989061908182, -46.8698051359202 -20.8994273858976, -46.8692901517895 -20.8997681663175, -46.8691184904123 -20.9001289918005, -46.8686893369706 -20.9004697706268, -46.8684318449053 -20.9006100910947, -46.8683030988726 -20.9008305944226, -46.8682387258562 -20.901111234553, -46.868067064479 -20.9013317371435, -46.8677451993973 -20.9014520111476, -46.8673804189711 -20.9015121481134, -46.866994180873 -20.9015321937639, -46.8667796041522 -20.9017126044927, -46.8663933660541 -20.9018729694023, -46.8662431623487 -20.902273880928, -46.8661144163161 -20.9024943818107, -46.8629601385153 -20.9031959733705, -46.8622520353355 -20.9012114630431, -46.8627670194663 -20.8997080286526, -46.8629815961871 -20.8992870643237, -46.8634536649742 -20.8983449017839, -46.8633249189415 -20.8972824560787, -46.8632390882525 -20.8969617162747, -46.8618014242211 -20.8966008831755, -46.8618443395648 -20.8958792143744, -46.8617155935321 -20.8955183786725, -46.8617155935321 -20.8954181463788, -46.8617585088766 -20.8953580069706, -46.8623593236955 -20.8952778210559, -46.8626168157618 -20.895237728082, -46.8627670194663 -20.895237728082, -46.8628313924826 -20.8952176815915, -46.8634912159006 -20.8900957154542, -46.8635555889169 -20.8899253143591, -46.8635877754251 -20.889845125542, -46.8635341312451 -20.8897649366822, -46.863448300556 -20.8893639917387, -46.8639954711949 -20.888852785383, -46.8639847423595 -20.8892336844013, -46.8637808944741 -20.8894341571813, -46.8637165214578 -20.8895243698447, -46.8638130809823 -20.8896947713941, -46.8638667251623 -20.889805031117, -46.8641564037358 -20.8903162342301, -46.8643495227848 -20.8907171766303, -46.8647357608829 -20.8916192931149, -46.8655028726617 -20.893223042368, -46.8661036874806 -20.8945260760188, -46.8668547060049 -20.8943857498618, -46.8671980287584 -20.8943256100399, -46.8677130128891 -20.8942754935027)))
MG-3164704-01AEC48B19FD455FBFE5DC116A9C9B64;São Sebastião do Paraíso;MG;4.0529;0.1447;AT;MULTIPOLYGON (((-46.9702896429277 -21.0298765625274, -46.9707758356765 -21.0291236535515, -46.9717491219028 -21.0299834759701, -46.9718829893439 -21.0300830976821, -46.9720466343719 -21.0301564198497, -46.9721523599124 -21.0302038011741, -46.9738201110384 -21.0294855470147, -46.9739712483296 -21.0302861425886, -46.9727914238847 -21.0309623660265, -46.9721963752932 -21.0303034366646, -46.9708318475972 -21.0302949625396, -46.9702670564895 -21.030722214048, -46.969320259934 -21.0312168076715, -46.9691730934138 -21.0309822912959, -46.9690284287094 -21.0307654264714, -46.9702896429277 -21.0298765625274)))
MG-3164704-01BC1FF8096E4F37983B416EEB185BD1;São Sebastião do Paraíso;MG;7.4634;0.2665;AT;MULTIPOLYGON (((-46.8898630142212 -20.9583537867223, -46.8905067443848 -20.9580932918872, -46.8911075592041 -20.9591352685057, -46.8915796279907 -20.959876670526, -46.8918800354004 -20.9606781820897, -46.8922662734985 -20.9611390492939, -46.8927812576294 -20.9618804413818, -46.8935537338257 -20.9631428032369, -46.8931460380554 -20.9636838121986, -46.8911719322205 -20.9615798774648, -46.890549659729 -20.960397653531, -46.8900346755981 -20.959596140464, -46.8898630142212 -20.9593156098759, -46.8895411491394 -20.9590551167158, -46.889283657074 -20.9586142811037, -46.8898630142212 -20.9583537867223)))
MG-3164704-01DA8EA89A1E4442B08AD9BB323D7A8C;São Sebastião do Paraíso;MG;2.9993;0.1071;AT;MULTIPOLYGON (((-46.9624702122924 -20.9266612207622, -46.9624995536969 -20.9277301699966, -46.9634431671255 -20.9280180852222, -46.9648789120182 -20.9284305040262, -46.9647311331319 -20.9280760447342, -46.9645458658272 -20.9277271848449, -46.9644897785304 -20.9275857805396, -46.9642740358699 -20.9272567328367, -46.9641875384241 -20.9270754385536, -46.9631894647593 -20.9265038415587, -46.9624702122924 -20.9266612207622)))
MG-3164704-0214B824A86C421DA6255BDB2FFF7212;São Sebastião do Paraíso;MG;3.2497;0.1161;AT;MULTIPOLYGON (((-46.9442596436111 -20.914360045, -46.9451613336111 -20.9134119458333, -46.9455675694444 -20.9136206011111, -46.9447021486111 -20.9146404252778, -46.9424691494444 -20.9170473277778, -46.9419498772222 -20.9169854958333, -46.9416728988889 -20.91698413, -46.9415409397222 -20.9169540191667, -46.9416571052778 -20.9168307683333, -46.9418792725 -20.9166240680556, -46.9442596436111 -20.914360045)))
MG-3164704-021E78563592445FA90C02EB12D4B69C;São Sebastião do Paraíso;MG;45.9085;1.6396;AT;MULTIPOLYGON (((-46.9680393342985 -20.8164125411174, -46.9678847897832 -20.816518793603, -46.9677077067095 -20.8166676730713, -46.9675266021657 -20.8167762217131, -46.9669936502268 -20.8165509869368, -46.9658599861051 -20.8161429320644, -46.9644611967225 -20.8155998043345, -46.9639157228092 -20.8153482554165, -46.9634516050291 -20.8152617870738, -46.9628172990811 -20.8149637727936, -46.9624361753389 -20.8147450467186, -46.9621749809218 -20.8146360609616, -46.9618912811597 -20.8145093945145, -46.9613122935253 -20.8142599110803, -46.9610682176927 -20.8141638055619, -46.9602886834787 -20.8138244636148, -46.9599882685747 -20.8137165890143, -46.9598897348227 -20.8136261012514, -46.9600330366997 -20.8135971043111, -46.960386750728 -20.8136142790185, -46.9606107078357 -20.813229382084, -46.9606412603072 -20.8132858890656, -46.9606715742666 -20.8134043038164, -46.9609577831263 -20.8135246623168, -46.9612463454341 -20.8134102205057, -46.9613287862486 -20.8132279559722, -46.9614217154256 -20.8131049734945, -46.9614666431696 -20.8129832055523, -46.9615346263255 -20.812882982325, -46.9615914801837 -20.8128108703465, -46.9617032704272 -20.8127291802679, -46.9619419913219 -20.8126913405345, -46.9620608166856 -20.8126686081143, -46.9620950814683 -20.8126335557258, -46.9622302022007 -20.8125867952125, -46.9624275656597 -20.8125086376298, -46.9630946832019 -20.8120959098736, -46.9632987111169 -20.8120363329683, -46.9633139657751 -20.8120966315031, -46.9633146899778 -20.8121801553192, -46.9633048450033 -20.8122984356479, -46.9633325504762 -20.8124277547202, -46.963458580132 -20.812519987938, -46.9635959843785 -20.8124249766436, -46.9637828299602 -20.8121595868773, -46.964047159488 -20.8116706605022, -46.9642071976987 -20.811648445709, -46.9643013404334 -20.8117627450014, -46.964544907414 -20.8117724993171, -46.9646649195417 -20.8118041238757, -46.9650826420352 -20.8118726739664, -46.965441979738 -20.8117282534855, -46.9654902393254 -20.8115891831507, -46.9655228680542 -20.8113996650239, -46.9653601547386 -20.8112309600759, -46.9655616005341 -20.8112153799209, -46.9656998467707 -20.8112426447859, -46.9659471641866 -20.8112056727095, -46.9660747223802 -20.8111511594532, -46.9661347820049 -20.8111291262499, -46.9662350489459 -20.8110277604141, -46.9663517588439 -20.8109501893753, -46.9664648375574 -20.8109221602917, -46.966624377097 -20.8109698247036, -46.9667195744341 -20.8109807365195, -46.9669080104226 -20.8110250458804, -46.9671622551223 -20.8110751038469, -46.9674596621888 -20.8111254421358, -46.9675623408698 -20.8111276245358, -46.967696058797 -20.8111406152644, -46.9677791718202 -20.8111640868482, -46.967913608765 -20.8111795305419, -46.9679813225137 -20.8111961132213, -46.9680769772478 -20.8111751108254, -46.9681363407988 -20.8111633783976, -46.9682581307087 -20.8111455984929, -46.968389736762 -20.8111342531677, -46.9684793383448 -20.8111609267772, -46.9686472271079 -20.8112375577198, -46.9687609246358 -20.8112943161532, -46.9689156611187 -20.8113876849131, -46.9689876218522 -20.8114396786176, -46.9691163491276 -20.8115193431965, -46.96929104496 -20.8116539029193, -46.9693768635034 -20.8117190507723, -46.96952403813 -20.8118663827409, -46.9696756562362 -20.8116402372128, -46.9698759128395 -20.8113667500521, -46.969939319944 -20.8112931542283, -46.9702570883588 -20.8113507676353, -46.9705556383855 -20.8114248937244, -46.970751303176 -20.8114806939011, -46.9709552642473 -20.8115289329715, -46.9710888450847 -20.8115593869384, -46.9712838205637 -20.811600795599, -46.9714877972671 -20.8116493558105, -46.9715648555043 -20.8116747905022, -46.9717105924929 -20.8116881411219, -46.9717869972879 -20.8117238783134, -46.9718560838378 -20.8117656302197, -46.9718937240213 -20.8118045958274, -46.9718965849315 -20.8121667725388, -46.9719287890628 -20.8122762095044, -46.9719521497258 -20.8124872014385, -46.9720263136302 -20.812846921893, -46.9720703053976 -20.813075951849, -46.972090573517 -20.8132631091144, -46.972085987183 -20.8133383406393, -46.971951120758 -20.8134662299426, -46.9718406145184 -20.8135730286462, -46.9717548415005 -20.8136466669704, -46.9715388107773 -20.8138248815155, -46.9714096962438 -20.8139355272656, -46.9713483916849 -20.81393367238, -46.9712435949437 -20.8140675137682, -46.9711372742694 -20.8141600970131, -46.9710603430085 -20.8142395233776, -46.9709185436926 -20.8143086975903, -46.9707800926335 -20.8143645482406, -46.9706769768626 -20.8143868655092, -46.9704793649912 -20.8144492320839, -46.9703755979604 -20.8144669227188, -46.97037091724 -20.8144812531177, -46.970323609907 -20.8144897595477, -46.9703093737567 -20.8144909240134, -46.9703140099128 -20.8144812392554, -46.9702998732233 -20.8144917011293, -46.9702617917003 -20.8144948159021, -46.9702477788953 -20.8145099148603, -46.9702236991571 -20.8145025936826, -46.9701950292053 -20.8145142961712, -46.9701902754276 -20.8145193520293, -46.9701567272736 -20.8145361141293, -46.9701283953697 -20.8145615994241, -46.9700808507784 -20.8145840016743, -46.9700433285892 -20.8146100085897, -46.9699824069642 -20.814642409494, -46.969951299983 -20.8146766669581, -46.9698642607544 -20.8147250239181, -46.969814035407 -20.814756565726, -46.9697454669952 -20.8147993575936, -46.969661001635 -20.814846648434, -46.9695606392295 -20.8149242238363, -46.9694845458186 -20.815000115361, -46.9694224851321 -20.815092822792, -46.9693508032856 -20.8151333444122, -46.9692446935853 -20.815177136598, -46.9691416639331 -20.8152348747112, -46.9690562042006 -20.8153002588927, -46.9689948673209 -20.815358213696, -46.9689778262883 -20.8154206695294, -46.968900644599 -20.81561848059, -46.9687647535995 -20.8156943982312, -46.96864943147 -20.8157672067783, -46.9686149445683 -20.8158678728733, -46.968624243122 -20.815942312566, -46.9685601210935 -20.8161774489477, -46.9685581282868 -20.8164081017663, -46.9684619680481 -20.8165522548465, -46.9683644907695 -20.8164399870926, -46.9682627785525 -20.8163670581522, -46.968154125248 -20.8163713026075, -46.9680393342985 -20.8164125411174)))
MG-3164704-02330349327B482E82CD36E65FE00189;São Sebastião do Paraíso;MG;6.74;0.2407;AT;MULTIPOLYGON (((-46.979046645556 -20.798393741944, -46.978805721944 -20.798491702222, -46.978571349167 -20.798677850833, -46.978333943056 -20.798791854722, -46.978364116667 -20.7990533425, -46.978408549444 -20.799240926389, -46.97822189 -20.799487448333, -46.978058956667 -20.799534495556, -46.977884516667 -20.799459091111, -46.977653861667 -20.799804963056, -46.977300821389 -20.800336748333, -46.977557975 -20.800547971944, -46.977549673056 -20.800584868056, -46.977670428889 -20.800592536111, -46.977751319167 -20.800607065833, -46.977988231944 -20.800671620833, -46.978185557778 -20.800737282222, -46.978464982778 -20.800833523333, -46.978575315 -20.800870331667, -46.978758195556 -20.800919061944, -46.978880667778 -20.800937419444, -46.978962459444 -20.800944441667, -46.979152692222 -20.800930938889, -46.980042956944 -20.800696945556, -46.980565058889 -20.800647366111, -46.980895059444 -20.800643952222, -46.981242479444 -20.8006490525, -46.981355649167 -20.800592777778, -46.9815260875 -20.800499325556, -46.981690766667 -20.800362065556, -46.981813286389 -20.800256589444, -46.981789678611 -20.800233475833, -46.981003365556 -20.800270469722, -46.980865461389 -20.800173365556, -46.980770906111 -20.800079330278, -46.9801866 -20.799143382222, -46.979438486667 -20.798601973611, -46.979046645556 -20.798393741944)))
SP-3515186-0011D2DA2B634B67BFF420CD1A979D83;Espírito Santo do Pinhal;SP;21.5113;0.9778;AT;MULTIPOLYGON (((-46.7402011156082 -22.2252996304656, -46.7389351129532 -22.2240283641912, -46.7385542392731 -22.2234970112003, -46.7389672994614 -22.2230749069222, -46.7378488183022 -22.2220618514711, -46.7378568649292 -22.2220320556117, -46.7384415864944 -22.2217191987064, -46.7388170957565 -22.2212027349865, -46.7392972111702 -22.2216968517579, -46.739439368248 -22.2215950489473, -46.7396351695062 -22.2215503550072, -46.7400133609772 -22.2214411030935, -46.7401260137558 -22.2202790547452, -46.7383450269699 -22.2197576196646, -46.7371648550034 -22.2201400055799, -46.7370897530683 -22.2199314314159, -46.7370575666428 -22.2197079590796, -46.7372184991837 -22.2191567254058, -46.7373847961426 -22.2186650827338, -46.7374759912491 -22.2184813370504, -46.7375832796097 -22.218193302792, -46.737824678421 -22.2180641837946, -46.7380714416504 -22.2177960131893, -46.7378622293472 -22.2174210700946, -46.7380499839783 -22.2172447720018, -46.7382699251175 -22.2171603474844, -46.7384254932404 -22.2171057198285, -46.738548874855 -22.2172696027325, -46.7385864257812 -22.217354027184, -46.7385596036911 -22.2175725372933, -46.7385864257812 -22.2176718599577, -46.7386883497238 -22.2177314535226, -46.7388010025024 -22.2176917244821, -46.7389190196991 -22.2177165551337, -46.7389619350433 -22.217920166311, -46.7390263080597 -22.2181535738824, -46.7391926050186 -22.2184167776991, -46.7392998933792 -22.2186253539578, -46.7395251989365 -22.2188935229775, -46.7397022247314 -22.2190723020392, -46.7397236824036 -22.2192063861859, -46.7396432161331 -22.2193553684208, -46.7397344112396 -22.2194745540948, -46.7400079965591 -22.2196483663545, -46.740351319313 -22.2196384342311, -46.7406731843948 -22.2196285021071, -46.7410004138947 -22.2196185699824, -46.741236448288 -22.219603671794, -46.7415797710419 -22.2195341468938, -46.7417138814926 -22.219608637857, -46.7418694496155 -22.2196980269605, -46.7420947551727 -22.2198122462878, -46.7422020435333 -22.2198718389433, -46.7424917221069 -22.2201151753573, -46.7426633834839 -22.2202442924668, -46.7428243160248 -22.2202095301798, -46.7430013418198 -22.220313817015, -46.7431139945984 -22.2203982396343, -46.743232011795 -22.2203932735992, -46.74340903759 -22.2203982396343, -46.7434734106064 -22.2205472206032, -46.7435485124588 -22.2206515071873, -46.7434626817703 -22.2208203519686, -46.7434787750244 -22.2208377330375, -46.7434787750244 -22.2208625631321, -46.7434760928154 -22.2208849102136, -46.7434760928154 -22.2209097402999, -46.7434787750244 -22.2209395363977, -46.7433714866638 -22.2211928029733, -46.7432588338852 -22.2213864771048, -46.7431944608688 -22.2214460690915, -46.7420572042465 -22.2221462730382, -46.7420250177383 -22.2225236864814, -46.7419177293777 -22.2228067458973, -46.7415368556976 -22.2229308945837, -46.7411398887634 -22.2230004178001, -46.740340590477 -22.2230401453368, -46.7402011156082 -22.2252996304656)))
SP-3515186-003B7EFC8BC24187AAE7090F33757038;Espírito Santo do Pinhal;SP;9.8355;0.4471;AT;MULTIPOLYGON (((-46.7606103420348 -22.2516203626337, -46.7601865530105 -22.2511511760836, -46.7601168155761 -22.2510394647686, -46.7598351836193 -22.2505653113063, -46.7597413063038 -22.2504411870981, -46.7596554756153 -22.250294720391, -46.7596098780621 -22.2500861909525, -46.7596125602711 -22.249907451598, -46.7595133185375 -22.2498379417285, -46.7593899368818 -22.2497709143375, -46.7592960596073 -22.249706369381, -46.7591995000828 -22.2496145169142, -46.759062707423 -22.2494531543267, -46.7589366435993 -22.2493116515969, -46.7588374018658 -22.2491353936108, -46.7587488889683 -22.2488424573122, -46.758657693872 -22.2486190309098, -46.7586094140715 -22.2485160063811, -46.7585289478393 -22.2484527021344, -46.758477985868 -22.2483856740646, -46.7582607269378 -22.2479363368408, -46.7578020691963 -22.247387696711, -46.7579469084831 -22.2472461919134, -46.758295595655 -22.2469309086433, -46.7586617171855 -22.2466056945456, -46.7590010166259 -22.2463251657479, -46.7593027651311 -22.2461588344001, -46.7594274878503 -22.2462928926389, -46.7595267295839 -22.2464766018689, -46.7596018314363 -22.2466702410667, -46.7599236965181 -22.2471990236284, -46.7602589726437 -22.2476880836735, -46.7604869604099 -22.248023225352, -46.7607283592315 -22.2485693805498, -46.7609804868789 -22.2492930328061, -46.761181652555 -22.2501283936057, -46.7612084746452 -22.2502500356024, -46.7612299323173 -22.2503555413304, -46.7612057924362 -22.2505479339238, -46.761170923719 -22.2509153409807, -46.7611414194198 -22.2512653694772, -46.7611253261657 -22.251272816889, -46.7606103420348 -22.2516203626337)))
SP-3515186-006E2841220F4FD4BDADA5742755ACB5;Espírito Santo do Pinhal;SP;22.7271;1.033;AT;MULTIPOLYGON (((-46.6820454597473 -22.1831082957095, -46.6817182302475 -22.1830834589363, -46.6810423135757 -22.1829940465163, -46.6803073883057 -22.1829096014009, -46.6799801588058 -22.182874829868, -46.6799479722976 -22.1825221466909, -46.6798406839371 -22.1818714190692, -46.6797977685928 -22.1815485378331, -46.6796958446503 -22.17926351096, -46.6784191131592 -22.1790350062292, -46.6780489683151 -22.1798645759777, -46.6780489683151 -22.1798496735703, -46.6773784160614 -22.1796360722242, -46.6786336898804 -22.1761637629522, -46.6790950298309 -22.1762084713419, -46.6793310642242 -22.1754235886541, -46.6793525218964 -22.175249721643, -46.6795349121094 -22.1750907573304, -46.6797548532486 -22.1751056602423, -46.6799479722977 -22.1751851424127, -46.6801410913467 -22.175443459156, -46.6804200410843 -22.1756123583084, -46.6811710596085 -22.1760296376973, -46.6811442375183 -22.1762184065378, -46.6810262203217 -22.1765810407041, -46.6808599233627 -22.1770181874967, -46.680902838707 -22.1772466955063, -46.6809242963792 -22.1774354627123, -46.6810047626495 -22.1776192621166, -46.6812139749527 -22.177817963905, -46.6815197467804 -22.1783345872401, -46.6816699504852 -22.1784985154015, -46.6818657511704 -22.1788884645797, -46.6820937395096 -22.1792585434697, -46.6820991039276 -22.1793727956999, -46.6820508241789 -22.1795143688763, -46.6820400953293 -22.1797056168842, -46.6820347309113 -22.1802172658243, -46.6820776462556 -22.180505378, -46.6820079088211 -22.1810021217434, -46.6819703579089 -22.1811809489414, -46.681986451149 -22.1813697109831, -46.6820937395096 -22.1819061908504, -46.6820937395096 -22.1822688103415, -46.6820454597473 -22.1831082957095)))
SP-3515186-00F3FF6572F94E1BA0B3465BBDCD2E95;Espírito Santo do Pinhal;SP;163.6315;7.4378;AT;MULTIPOLYGON (((-46.8013393878937 -22.1303898208643, -46.7970049381256 -22.125937333227, -46.7929065227509 -22.1205901867107, -46.7910933494568 -22.1182644128407, -46.7888402938843 -22.1154217482243, -46.7891621589661 -22.1142936119396, -46.789510846138 -22.1139208777032, -46.7899078130722 -22.1134089877461, -46.7901438474655 -22.1130213416877, -46.7903369665146 -22.1127132120094, -46.7903530597687 -22.1124100515074, -46.7903101444244 -22.1122510162294, -46.7904710769653 -22.1121963478111, -46.7906253038067 -22.1123603529876, -46.790766119957 -22.1125218730799, -46.791130900383 -22.1128225484239, -46.7913508415222 -22.1129467942466, -46.791672706604 -22.1129120054273, -46.7919892072678 -22.1128126087534, -46.7924559116364 -22.1126933326522, -46.7927670478821 -22.1125790262938, -46.7929816246033 -22.1124199912064, -46.7932283878326 -22.1121714985231, -46.7945319414139 -22.112961703738, -46.7947089672089 -22.1130511606531, -46.7948967218399 -22.1130958890894, -46.7952454090118 -22.1131356476875, -46.7953580617905 -22.1131704364517, -46.7954760789871 -22.1132400139542, -46.7955297231674 -22.1134089877461, -46.7957335706271 -22.1136773574283, -46.7960125207901 -22.1139059683132, -46.7964792251587 -22.1141793068785, -46.7967903614044 -22.114407916908, -46.7969620227814 -22.1146067079367, -46.7970210313381 -22.1147533160802, -46.7970585823059 -22.1148899846684, -46.7971122264114 -22.1151558664217, -46.7971605062484 -22.1154714456504, -46.7972034215927 -22.1158938730651, -46.7973589891443 -22.1171959333032, -46.7974072694778 -22.1174742373443, -46.7976486682892 -22.1189452523263, -46.798329949379 -22.118716649654, -46.799241900444 -22.1183439271108, -46.8001484870911 -22.1179612642745, -46.8006044626236 -22.1176929027048, -46.8011677265167 -22.1174543586584, -46.8032544851303 -22.1165498754824, -46.8059796094894 -22.123084884401, -46.8036353588104 -22.1270256216567, -46.8013393878937 -22.1303898208643)))
SP-3515186-01563B101D944A0696E16A4442F198F9;Espírito Santo do Pinhal;SP;35.2028;1.6001;AT;MULTIPOLYGON (((-46.8156623840332 -22.1238700590004, -46.8179368972778 -22.1205305519627, -46.8176364898682 -22.119039675061, -46.8174648284912 -22.1181252627601, -46.8174433708191 -22.1165946028088, -46.8171000480652 -22.1160578739555, -46.8167996406555 -22.1159386005995, -46.8160915374756 -22.1159584794992, -46.8157482147217 -22.1161373894701, -46.8154048919678 -22.1162367838003, -46.8152976036072 -22.1168530270835, -46.8151259422302 -22.1173301168077, -46.8147397041321 -22.1177078116943, -46.8141603469849 -22.1183638056713, -46.8134951591492 -22.1190595535234, -46.8125510215759 -22.1196360277138, -46.8119072914124 -22.1195366357802, -46.8104267120361 -22.1209877510532, -46.8111991882324 -22.121405192406, -46.8119931221008 -22.1219816570036, -46.8130016326904 -22.1225581192434, -46.8134522438049 -22.1228761663666, -46.8140745162964 -22.1230550675579, -46.8144607543945 -22.1232538463931, -46.8156623840332 -22.1238700590004)))
SP-3515186-0185AE22A3A740E49461A82BFC1B2D6C;Espírito Santo do Pinhal;SP;22.0681;1.0031;AT;MULTIPOLYGON (((-46.7711108922958 -22.2739151202168, -46.7693352650242 -22.2735825311508, -46.7676347494126 -22.2731853900415, -46.7665082216263 -22.2728527906715, -46.7659503221512 -22.2722620525274, -46.7655265331269 -22.2718748446594, -46.7652475834733 -22.271859952232, -46.7648237943648 -22.2719493077941, -46.7645984888077 -22.2717408109169, -46.7646199463039 -22.271517420948, -46.7643624544144 -22.2713238162302, -46.7637938255516 -22.2707429998671, -46.763756275177 -22.2705791797697, -46.7634129524232 -22.2701472888067, -46.7631608247757 -22.2697650393709, -46.762678027153 -22.2692686099733, -46.7616373300552 -22.2686679280472, -46.7613047353421 -22.2685016234408, -46.7609506836999 -22.2683651040913, -46.7608970403671 -22.2680573148512, -46.7608755828473 -22.2677346311298, -46.7609828710556 -22.2670644421769, -46.7610633373259 -22.2662602101463, -46.7618197202682 -22.2659623452583, -46.7620235681534 -22.2660864557054, -46.7627048489708 -22.2663470882592, -46.7631608247757 -22.2662204948645, -46.7630964517593 -22.266508430402, -46.7631822824478 -22.2677594537886, -46.7632681131363 -22.2681963164634, -46.7634290456773 -22.2680424218131, -46.7641800623871 -22.2681243333393, -46.7645582537976 -22.2680281492314, -46.7649471746599 -22.2683489690431, -46.7643624544144 -22.2690005373662, -46.7651242017746 -22.2696458964761, -46.7652958631516 -22.2704004664295, -46.7654138801997 -22.2706288219643, -46.7654782533646 -22.2709465342522, -46.7656606434205 -22.2710557478076, -46.7660146951675 -22.2711947461944, -46.7662829157959 -22.2713287805002, -46.766454577446 -22.2715422421735, -46.7665833233897 -22.2717110255021, -46.7665833234787 -22.2719294509621, -46.7670339345932 -22.2723265870679, -46.7674952745438 -22.272296801899, -46.7677474021912 -22.2721429117591, -46.7681819200516 -22.2717805246318, -46.7685574293137 -22.271393315431, -46.7692601657305 -22.2718649172827, -46.7700165510178 -22.2722620525274, -46.7713898420334 -22.2729620024921, -46.7714971303616 -22.2730414292005, -46.771497130394 -22.273130784229, -46.7711108922958 -22.2739151202168)))
SP-3515186-0187045615944C7F9518A5EAF8511F6F;Espírito Santo do Pinhal;SP;2.3383;0.1063;AT;MULTIPOLYGON (((-46.8931889533997 -22.2001403207191, -46.8933176994324 -22.2013522029508, -46.8963003158569 -22.2005376603084, -46.8961715698242 -22.2004780594417, -46.8950986862183 -22.2002793897033, -46.8946480751038 -22.2002595227139, -46.8942189216614 -22.2001999217292, -46.8931889533997 -22.2001403207191)))
SP-3515186-025B4592D53F42D3BCF4605C5B73E069;Espírito Santo do Pinhal;SP;2.7733;0.1261;AT;MULTIPOLYGON (((-46.7919141054153 -22.2335824425696, -46.7918229103088 -22.2327829838429, -46.7922896146774 -22.2327035342793, -46.791844367981 -22.2315316479863, -46.7927348613739 -22.2313230909241, -46.7935127019882 -22.2332348523791, -46.7935341596603 -22.2333192672189, -46.7919141054153 -22.2335824425696)))
SP-3515186-02CA9D70C896421F9B79C5350F4FB445;Espírito Santo do Pinhal;SP;5.7569;0.2617;AT;MULTIPOLYGON (((-46.7826973542136 -22.1436446907669, -46.7830373369433 -22.1439214502989, -46.7830495830713 -22.1442254243739, -46.7830803998389 -22.1444439344441, -46.7831405948487 -22.1448502674995, -46.7832965793958 -22.1453998097416, -46.7835380468932 -22.1462519476955, -46.7832996634165 -22.1462444304652, -46.7831194200855 -22.146359946828, -46.782865408172 -22.146509613569, -46.782443422367 -22.1465738224928, -46.7821618433886 -22.1466863083736, -46.7817271949784 -22.1448831283609, -46.7813694004061 -22.1435540979796, -46.7810580516797 -22.1422480272631, -46.7815037371436 -22.1426095726781, -46.781764398974 -22.1428403235541, -46.7820392789805 -22.1430839886083, -46.7823854758856 -22.1433731263401, -46.7826973542136 -22.1436446907669)))
SP-3515186-0447C5B64CB9408286E34D1C4B3572D5;Espírito Santo do Pinhal;SP;12.0972;0.5499;PE;MULTIPOLYGON (((-46.793255507955 -22.1688901809328, -46.7906510829199 -22.1669725752033, -46.7903077601659 -22.1667241787823, -46.7900931834447 -22.1666273040518, -46.7898598312604 -22.1665353971945, -46.7896774410474 -22.1664111986433, -46.7895352839696 -22.1662745801102, -46.7894521354901 -22.1661404453835, -46.7894038557279 -22.1659690508728, -46.7893877624738 -22.1658498197855, -46.7896559833753 -22.1651244950846, -46.7939636111248 -22.1656138412182, -46.7939823865879 -22.1656486170966, -46.7942184209915 -22.1673551048626, -46.7941983071301 -22.1674892368359, -46.793255507955 -22.1688901809328)))
SP-3515186-0467A190DF514BE697850D705C0A49CB;Espírito Santo do Pinhal;SP;9.7694;0.444;AT;MULTIPOLYGON (((-46.704318523407 -22.2120798844829, -46.7041254043579 -22.2126957079783, -46.7072582244873 -22.2137088310736, -46.7077732086182 -22.2123579986542, -46.7083525657654 -22.210649574323, -46.7080736160278 -22.2105105156132, -46.7079448699951 -22.2104509189811, -46.7078161239624 -22.2104111878789, -46.7075371742249 -22.2102721289329, -46.7072796821594 -22.210291994505, -46.7070436477661 -22.2101529354409, -46.7067861557007 -22.210133069849, -46.7063140869141 -22.2099940106273, -46.7057776451111 -22.2110667496257, -46.7056059837341 -22.2113051349561, -46.7054128646851 -22.2117819044019, -46.7051553726196 -22.212040153842, -46.7048120498657 -22.2119010965102, -46.7044043540955 -22.2118216351159, -46.704318523407 -22.2120798844829)))
SP-3515186-046E9392446C46F8ACDE357DEF0D62C8;Espírito Santo do Pinhal;SP;6.5019;0.2955;AT;MULTIPOLYGON (((-46.6892566798796 -22.1938814394226, -46.6888811706175 -22.193777132945, -46.6868963359465 -22.1936430245028, -46.6865959285368 -22.1935734867416, -46.686638843881 -22.1933201703204, -46.6866710303892 -22.1931165234544, -46.6866817592253 -22.1929029422777, -46.6867729543318 -22.191874767882, -46.6869714377989 -22.1916860200738, -46.6873952268232 -22.1914327002483, -46.6879531262983 -22.1915419755232, -46.6885593055357 -22.1917158223761, -46.6890742896666 -22.1918350315224, -46.6893746970762 -22.1919989439332, -46.6896643756498 -22.1921976253869, -46.6892566798796 -22.1938814394226)))
SP-3515186-047867D538F04DB69C9F9EAC82D621DD;Espírito Santo do Pinhal;SP;13.7965;0.6265;AT;MULTIPOLYGON (((-46.6741820549527 -22.1931469740613, -46.6739674782315 -22.1927868661536, -46.6738011812726 -22.1925111967176, -46.6735302781621 -22.1921734388331, -46.6734310364286 -22.192044295898, -46.6733586167852 -22.1919648232634, -46.6733022903887 -22.1918803835208, -46.6732352351705 -22.1918009108128, -46.6731923198262 -22.1917015698405, -46.6731333112279 -22.1915028876851, -46.6730206584493 -22.1913489088213, -46.6728543614904 -22.1911253908156, -46.672784624056 -22.191001213992, -46.6733478879491 -22.1909565103086, -46.6741632794896 -22.1915078547424, -46.6743081187764 -22.1915525582503, -46.6751610612432 -22.1903654269354, -46.6753810023824 -22.1901220389411, -46.6755043839971 -22.1898240122513, -46.6757672404805 -22.1894539615648, -46.6758691644231 -22.189359586066, -46.6761320209066 -22.1892900461841, -46.6781544065038 -22.1887535945099, -46.6786452507535 -22.1886492842243, -46.6790207600156 -22.1892403748189, -46.6793989514867 -22.1894365766093, -46.6796108459989 -22.1896203603163, -46.6798012828389 -22.1898016602241, -46.6798897957364 -22.189975509231, -46.6799568509618 -22.1901890948592, -46.6790368532697 -22.1905939132401, -46.6786157464543 -22.1908248827139, -46.6779827451268 -22.1908149485508, -46.6777520751515 -22.190805014387, -46.6775106763402 -22.1907603106412, -46.6772424554387 -22.1908174320917, -46.6771861290494 -22.1908348168763, -46.6760166859189 -22.1916941192647, -46.675681409792 -22.1919822079061, -46.6756009435216 -22.1922380102562, -46.6755258416692 -22.1923671530132, -46.6754131888906 -22.1925211307607, -46.6752844428578 -22.1925857020239, -46.6750805949727 -22.1927446465453, -46.6747426366368 -22.1929135249023, -46.6745092844525 -22.1930600515474, -46.6741820549527 -22.1931469740613)))
SP-3515186-049A8703E0CA4361920670DCF57D9ABE;Espírito Santo do Pinhal;SP;731.8571;33.1373;AT;MULTIPOLYGON (((-46.7812067270279 -22.2744431066731, -46.7799621820449 -22.2739466938755, -46.7786854505539 -22.2734552434706, -46.7782777547836 -22.2732318563521, -46.776539683342 -22.2719014545694, -46.772392988205 -22.2689775047006, -46.7730581760406 -22.268813682272, -46.7733478546143 -22.2686349666766, -46.7737609148026 -22.2681832123483, -46.7738574743271 -22.267949888113, -46.7738950252533 -22.2676420981011, -46.7739164829254 -22.2672548774471, -46.774023771286 -22.2668577269453, -46.7741471529007 -22.2666839732463, -46.7743563652039 -22.2664903617275, -46.7745012044907 -22.2662073905644, -46.7746943235397 -22.2660733513927, -46.7748230695724 -22.2660584581435, -46.7749625444412 -22.265904561142, -46.7749947309494 -22.2656662686767, -46.7749518156052 -22.2652840069994, -46.7747211456299 -22.2646435922391, -46.774383187294 -22.2642662922487, -46.7742651700974 -22.2640826063589, -46.7738842964172 -22.263819488313, -46.7736965417862 -22.2636755178521, -46.7735356092453 -22.2634223280616, -46.7734390497208 -22.2633329668497, -46.7731440067291 -22.2630450247788, -46.7729240655899 -22.2627372239789, -46.7727792263031 -22.2627223303747, -46.7725485563278 -22.2625733942449, -46.7725217342377 -22.2623897061333, -46.7725485563278 -22.2621315494608, -46.7726773023605 -22.2617939592475, -46.7725914716721 -22.261654951276, -46.7722964286804 -22.2613918286662, -46.7720228433609 -22.2611336701532, -46.7717063426971 -22.2607960775332, -46.771674156189 -22.2603244394213, -46.7718189954758 -22.2599719509526, -46.7718350887299 -22.2597038605371, -46.7718404531479 -22.259207395449, -46.7719423770905 -22.2588002927628, -46.7665082216263 -22.2579662250253, -46.7659664154053 -22.2584080829576, -46.7656767368317 -22.2589690915812, -46.7652636766434 -22.2594308049565, -46.7649149894714 -22.2604187671708, -46.7643409967422 -22.2618882860067, -46.7643302679062 -22.2627769402492, -46.7644375562668 -22.2630301312073, -46.7646735906601 -22.2632237475132, -46.7649096250534 -22.2633031797664, -46.7649739980698 -22.2635067247093, -46.765188574791 -22.2637003403559, -46.7653656005859 -22.264196789508, -46.7652207612991 -22.2644201910518, -46.7652261257172 -22.2646733790371, -46.7649847269058 -22.265001033397, -46.7639869451523 -22.2646634501052, -46.763756275177 -22.2648123840107, -46.7636758089066 -22.2648620286107, -46.7634612321854 -22.2649911044882, -46.7633056640625 -22.2650854290927, -46.7631876468658 -22.2651648602892, -46.7630106210709 -22.2652939358874, -46.7627745866776 -22.2654379046834, -46.7624688148499 -22.265606695497, -46.7618519067764 -22.2659442765134, -46.7611062526703 -22.2662917855326, -46.759244799614 -22.2653981891682, -46.7559242248535 -22.2642563632879, -46.7560636997223 -22.2640180680162, -46.7569917440414 -22.2624343870475, -46.7574048042297 -22.2615655889357, -46.7575496435165 -22.2612379265331, -46.7583972215652 -22.2617741009743, -46.7599529027939 -22.2602350762315, -46.7607897520065 -22.2593960523899, -46.761599779129 -22.2585520588365, -46.7621201276779 -22.2581350248494, -46.763579249382 -22.2590088089207, -46.763756275177 -22.2589591622446, -46.7637240886688 -22.2588747628548, -46.7638903856277 -22.2583286479265, -46.7642122507095 -22.2578272132526, -46.7647969722748 -22.2570278928808, -46.7650490999222 -22.2565761010867, -46.7652475833893 -22.2563328279783, -46.7655748128891 -22.2562682860622, -46.7654514312744 -22.2558363509352, -46.7653267082225 -22.2555719760239, -46.765201985836 -22.2551934105483, -46.7654353380203 -22.2550072303483, -46.7657518386841 -22.2548582860101, -46.766103208065 -22.2544263465332, -46.7659683761225 -22.2543448623411, -46.7659422755241 -22.2543282911216, -46.7659087479113 -22.2543084317894, -46.7658932742701 -22.2542989376365, -46.7658323049545 -22.2542414065223, -46.7657746374607 -22.2541818284802, -46.7657035589218 -22.2541135619424, -46.7656445503235 -22.2539894408793, -46.765553355217 -22.2538802142528, -46.7660468816757 -22.2531305201079, -46.7653870582581 -22.2528673814763, -46.764829158783 -22.2526290668172, -46.7648506164551 -22.2523013834986, -46.7649042606354 -22.2519736994132, -46.7649686336517 -22.2512041352887, -46.7654567956733 -22.2507349464553, -46.7649579048157 -22.250206178094, -46.7646038532257 -22.2498189092077, -46.7643946409225 -22.2494663942904, -46.7643356323242 -22.2490791233584, -46.7643731832504 -22.2487464667028, -46.7644643783569 -22.248388984043, -46.7644643783569 -22.2480960461833, -46.7642605304718 -22.2477981426467, -46.7640352249146 -22.24761443515, -46.7636489868164 -22.2472619146842, -46.7631930112839 -22.2468895329469, -46.762672662735 -22.246785265883, -46.7621523141861 -22.2467405799747, -46.7623347043991 -22.2465171502195, -46.7634719610214 -22.2451467732583, -46.7638581991196 -22.2448687241229, -46.7641800642014 -22.2448339679422, -46.7643463611603 -22.244774385898, -46.7644000053406 -22.2445906744357, -46.7646360397339 -22.2443175893842, -46.7650651931763 -22.243979956221, -46.7655694484711 -22.2434337832047, -46.7665457725525 -22.2442381463602, -46.7669695615768 -22.2442431115505, -46.7676937580109 -22.244352345693, -46.7683696746826 -22.244481440479, -46.768804192543 -22.2446800476096, -46.7693567276001 -22.2449878881057, -46.7696464061737 -22.2452013899879, -46.7694211006165 -22.2440494689976, -46.7693942785263 -22.24359267012, -46.7694962024689 -22.2433146179, -46.7697107791901 -22.2430911826805, -46.7700111865997 -22.2426889983874, -46.7701506614685 -22.2423563265564, -46.7701935768127 -22.2421328898085, -46.7703545093536 -22.2417555291587, -46.7697912454605 -22.2394913439159, -46.7684072256088 -22.2392877640641, -46.7676454782486 -22.239163629863, -46.7669641971588 -22.2390196340519, -46.765016913414 -22.2386422650173, -46.7632412910461 -22.2369689190279, -46.76214158535 -22.2363085128863, -46.7617875337601 -22.2360503081351, -46.7618680000305 -22.2356183106606, -46.7617499828339 -22.2353700356474, -46.7614763975143 -22.2353154150855, -46.7609506845474 -22.2353898976647, -46.7604357004166 -22.2351018981392, -46.7603766918182 -22.2348585877341, -46.7603981494904 -22.2346798288, -46.7605966329575 -22.2345308628474, -46.7608273029327 -22.2343322413309, -46.7612832784654 -22.2339498941194, -46.7615514993668 -22.233890307447, -46.7620128393173 -22.2338058929511, -46.7628121376038 -22.2336320982407, -46.7633754014969 -22.2333887852841, -46.7636919021606 -22.2333887852841, -46.7635899782181 -22.235305484072, -46.7636597156525 -22.2353303116045, -46.7666047811508 -22.2354842422081, -46.7668837308884 -22.2354296216907, -46.7694452517464 -22.2348486750348, -46.7719638347626 -22.2341882405555, -46.7728489637375 -22.2337810651486, -46.7739593982697 -22.2342329304672, -46.775472164154 -22.2348089324975, -46.7754989862442 -22.2347692082956, -46.7765557765961 -22.2325297382021, -46.7771458625793 -22.233478165603, -46.7776125669479 -22.2339796874461, -46.7789322137833 -22.2346053458435, -46.7793184518814 -22.2345954147796, -46.7798495292664 -22.2346003803116, -46.7805308103561 -22.2347692082956, -46.7807561159134 -22.2351167946809, -46.7808419466019 -22.2355438282028, -46.781051158905 -22.2358963781532, -46.7815715074539 -22.2363929258749, -46.7819201946259 -22.2367454736893, -46.7823708057404 -22.2374555320882, -46.7816412448883 -22.239461551761, -46.7813086509706 -22.2405042734158, -46.7817431688309 -22.241224243363, -46.7808151245117 -22.2426592069123, -46.7805469036102 -22.2464128828785, -46.7815339565277 -22.2467107893613, -46.7830789089203 -22.2470583461238, -46.7834651470184 -22.2471874384159, -46.785192489624 -22.2480017101319, -46.7866516113281 -22.2499380689791, -46.7866623401642 -22.250484216634, -46.7858469486237 -22.253135484983, -46.7850530147552 -22.2552157521557, -46.7846775054932 -22.2558065622567, -46.784098148346 -22.2570179634064, -46.7837655544281 -22.2580804131639, -46.7837977409363 -22.2584974473137, -46.7868340015411 -22.2605925286482, -46.7871987819672 -22.260711679251, -46.7874401807785 -22.2609450155541, -46.7879337072372 -22.2613471474192, -46.7888188362122 -22.2635216182301, -46.7880356311798 -22.264117357762, -46.785900592804 -22.2656265532264, -46.785364151001 -22.2660137783863, -46.7836153507233 -22.2671158748997, -46.7832988500596 -22.2673839511176, -46.7827999591827 -22.2686448953268, -46.7824673652649 -22.2701838275862, -46.7825746536255 -22.2703526126749, -46.7832827568054 -22.2715489952607, -46.7831701040268 -22.2723730536638, -46.7830038070679 -22.2727453676154, -46.7826980352402 -22.2731425014049, -46.7823278903961 -22.2734105660755, -46.7816787958145 -22.2741254026856, -46.7812067270279 -22.2744431066731)))
SP-3515186-04C7B10EEDB740C09E04528233280052;Espírito Santo do Pinhal;SP;67.9576;3.089;AT;MULTIPOLYGON (((-46.7337322233652 -22.2667518203584, -46.7336034773325 -22.2661809141052, -46.7334532736277 -22.2653915703186, -46.7334210871195 -22.265044059064, -46.7374718186329 -22.2614232706126, -46.7376112935017 -22.2606388646018, -46.7389094826649 -22.2582558320377, -46.7389523980091 -22.2581466087396, -46.7394566533039 -22.2582955495796, -46.7398858054366 -22.2584643502187, -46.7401218398301 -22.2584345620994, -46.7403900607314 -22.2583948445969, -46.7426645739761 -22.2580870335713, -46.7430722697463 -22.2558231123314, -46.7436194403854 -22.2552670559005, -46.744992731401 -22.2545719822564, -46.747696398088 -22.2532414030844, -46.7482006546925 -22.2537180299128, -46.7485761639546 -22.2539662724101, -46.7498743531178 -22.2544230368491, -46.7498528954457 -22.254850011522, -46.7496168610523 -22.2552471960954, -46.7491769787739 -22.2554557175453, -46.7485010621022 -22.2554755767148, -46.7481899258564 -22.255545083786, -46.747932433791 -22.2557734639195, -46.7476320263813 -22.256468531599, -46.7483723160694 -22.2564486725703, -46.7487263676594 -22.2566969102262, -46.7489838597248 -22.2571437368977, -46.7490589615772 -22.2574217616624, -46.7469561097096 -22.2576302798736, -46.7458939549397 -22.2580473147583, -46.7446279529395 -22.2593679189494, -46.7444455627265 -22.2595764342618, -46.7442679407031 -22.2596674529552, -46.7432218791873 -22.2597419231919, -46.7431896923517 -22.2609383964939, -46.7425781486963 -22.2612213783106, -46.7409366367792 -22.2618419504668, -46.7404431103205 -22.2620107456173, -46.7396223543619 -22.2622242215456, -46.7395955322718 -22.2623185480148, -46.7394345997309 -22.2624327326031, -46.7390322683786 -22.2626164206582, -46.7386835812067 -22.2637036504268, -46.7385333775019 -22.2640561294977, -46.7384529112314 -22.2644681813706, -46.7385333775019 -22.264860374195, -46.738737225387 -22.265188028117, -46.7383885382151 -22.2654064636388, -46.7379647491907 -22.2656149699552, -46.7337322233652 -22.2667518203584)))
SP-3515186-0554C3EF8B2045B9A3155D2C7EB625B0;Espírito Santo do Pinhal;SP;200.5558;9.1162;AT;MULTIPOLYGON (((-46.7594969272614 -22.1217182726093, -46.7589712142944 -22.1215045830221, -46.7586976289749 -22.121509552551, -46.7584240436554 -22.1215244611369, -46.758171916008 -22.1215741564116, -46.7579358816147 -22.1215294306651, -46.7570292949676 -22.1213554970717, -46.7567986249924 -22.1212908931109, -46.7566269636154 -22.121052355153, -46.7565894126892 -22.1208933296234, -46.7565089464188 -22.1208336950036, -46.7562729120254 -22.1205802475878, -46.7561173439026 -22.1204063128231, -46.7559349536896 -22.1204063128231, -46.7558062076569 -22.12048085632, -46.7558115720284 -22.1203789801735, -46.7556774616241 -22.1202771040018, -46.7554950714111 -22.1199391726785, -46.7554253339767 -22.1197006324331, -46.7553716897964 -22.119462091784, -46.7552429437637 -22.1191490065695, -46.7550444602966 -22.1188160421658, -46.7550337314488 -22.1187241040752, -46.7550069093704 -22.118622226703, -46.7550230026245 -22.1184135020603, -46.7551410198212 -22.1181252627601, -46.7552483081818 -22.1178767801317, -46.755473613739 -22.1175786003996, -46.755656003952 -22.1173897529097, -46.7558115720749 -22.1171512083503, -46.7558759451351 -22.1170070874153, -46.7559027671814 -22.1168679361618, -46.7559349536896 -22.1165647845928, -46.7559081315994 -22.1162318140855, -46.7559939622879 -22.115918721697, -46.7560905218124 -22.115595689139, -46.756208539115 -22.1153819901478, -46.7562407255173 -22.11519810959, -46.7562836408615 -22.1148353172733, -46.7562353610992 -22.1145619799797, -46.7562568187712 -22.1142240349569, -46.7562997341156 -22.1139904548354, -46.756364107132 -22.1136574782486, -46.7564177513123 -22.1131455873353, -46.7564445734024 -22.1122112573819, -46.7562460899353 -22.111386258766, -46.7558544874191 -22.1101437818634, -46.7557525634766 -22.1099300747328, -46.7554253339767 -22.1094430200624, -46.7553287744522 -22.1092193719462, -46.7552644014358 -22.1090802129393, -46.7550873756409 -22.1088764441458, -46.7549264429662 -22.1086900699658, -46.7548298835754 -22.1085832153653, -46.754754781723 -22.1083744758621, -46.7546689510345 -22.1080663360307, -46.754577755928 -22.1079371159011, -46.7545026540756 -22.107778075579, -46.7544490098953 -22.107584244944, -46.7545938491821 -22.1074351442743, -46.7549264431 -22.1070723319863, -46.755103468895 -22.1068834704259, -46.7552644014358 -22.1066697583554, -46.7554065585972 -22.1064734411049, -46.7554521560669 -22.1063765249874, -46.7555540800093 -22.1061578420788, -46.755650639534 -22.1060385603494, -46.7557364702224 -22.1059739493705, -46.755865216255 -22.1059292186756, -46.7559698221707 -22.1058993980291, -46.7561227083207 -22.1058993982044, -46.7568254470825 -22.1059441289088, -46.7572814226152 -22.1059391588312, -46.7575764656067 -22.1057850863396, -46.7578017711639 -22.1056608342077, -46.7580860853195 -22.1055465221496, -46.7584991455078 -22.1055614324233, -46.7588800191879 -22.105665804295, -46.7594593763351 -22.1056608342076, -46.7599153518677 -22.1056409538564, -46.7601352930069 -22.1055862828759, -46.7607682943344 -22.1055614324233, -46.7613476514816 -22.1056856846428, -46.7616909742355 -22.1057900564226, -46.761959195137 -22.1059143084407, -46.7624688148499 -22.1059987997506, -46.7629623413086 -22.1060982012267, -46.7634344100952 -22.1060584406447, -46.763927936554 -22.1061379617976, -46.7642712593079 -22.1060584406447, -46.7646789550781 -22.1060385603494, -46.7649793624878 -22.1061180815136, -46.7652797698975 -22.1061379617976, -46.7655801773071 -22.1059192785192, -46.765923500061 -22.1059391588312, -46.7660522460938 -22.1059590391405, -46.7661380767822 -22.1060683807912, -46.7682409286499 -22.1082054960379, -46.7700004577637 -22.1094778097375, -46.7716097831726 -22.1105513154938, -46.7708802223206 -22.1115452950193, -46.7704081535339 -22.1117043310932, -46.770056784153 -22.1117416051471, -46.7698904871941 -22.1119155506016, -46.7696410417557 -22.1121317396532, -46.7694747447968 -22.1123553831508, -46.7692708969116 -22.1126535739293, -46.7690777778626 -22.1129766132278, -46.7690026760101 -22.1132424988644, -46.7689517140388 -22.1136500235399, -46.7689543962479 -22.114040152766, -46.7690134048462 -22.1145048275695, -46.7690214514732 -22.1147234975354, -46.7690885066986 -22.1149769554806, -46.768986582756 -22.1152353827203, -46.7684876918793 -22.1155435068871, -46.7682436108589 -22.1158367211947, -46.7680880427361 -22.115883933611, -46.7679110169411 -22.1159510249122, -46.7676106095314 -22.115913751971, -46.7673262953758 -22.1157895087626, -46.767181456089 -22.1156801746487, -46.767004430294 -22.11557084045, -46.7668730020523 -22.1155037489679, -46.7667898535728 -22.1155062338382, -46.7666879296303 -22.1155782950572, -46.7665216326714 -22.11573235685, -46.766449213028 -22.1158044179534, -46.7662158608437 -22.1158466606521, -46.7659744620323 -22.1159907827052, -46.7656713724136 -22.1161175105957, -46.7654997110367 -22.1162367838003, -46.7652717232704 -22.1164057540008, -46.7651107907295 -22.1166020573618, -46.7649096250534 -22.1169424815298, -46.764834523201 -22.1171512083503, -46.7647111415863 -22.1172953290699, -46.7644214630127 -22.1174593283301, -46.7642498016357 -22.117598479068, -46.7640888690948 -22.1177425993303, -46.7639815807342 -22.1179065980703, -46.76393866539 -22.118105384166, -46.7639064788818 -22.1185476822232, -46.7638474702835 -22.1188756776392, -46.7636972665787 -22.1191042800536, -46.7637348175049 -22.1194968789872, -46.7635202407837 -22.1202323778438, -46.7629194259644 -22.120351647567, -46.7626512050629 -22.1198845072412, -46.7621791362762 -22.1199093551699, -46.7616426944733 -22.1199143247551, -46.7612671852112 -22.1200335947475, -46.7609077692032 -22.1201975908222, -46.7606610059738 -22.1203864345506, -46.7604142427444 -22.120600125833, -46.7602640390396 -22.1207442430265, -46.7599636316299 -22.1209479946694, -46.7598241567612 -22.1211070201373, -46.7597275972366 -22.1213008321837, -46.7595881223679 -22.1214697963144, -46.7594969272614 -22.1217182726093)))
